{
    "1": {
        "Yaw": -89.176025390625,
        "Roll": -0.703125,
        "Pitch": 0.439453125
    },
    "2": {
        "Yaw": -89.17327880859375,
        "Roll": -0.7470703125,
        "Pitch": 0.3955078125
    },
    "3": {
        "Yaw": -89.176025390625,
        "Roll": -0.7470703125,
        "Pitch": 0.439453125
    },
    "4": {
        "Yaw": -89.17327880859375,
        "Roll": -0.703125,
        "Pitch": 0.4833984375
    },
    "5": {
        "Yaw": -89.17327880859375,
        "Roll": -0.703125,
        "Pitch": 0.3955078125
    },
    "6": {
        "Yaw": -89.176025390625,
        "Roll": -0.7470703125,
        "Pitch": 0.439453125
    },
    "7": {
        "Yaw": -89.18701171875,
        "Roll": -0.8349609375,
        "Pitch": 0.52734375
    },
    "8": {
        "Yaw": -89.2584228515625,
        "Roll": -0.87890625,
        "Pitch": 0.615234375
    },
    "9": {
        "Yaw": -89.263916015625,
        "Roll": -0.87890625,
        "Pitch": 0.5712890625
    },
    "10": {
        "Yaw": -89.263916015625,
        "Roll": -0.8349609375,
        "Pitch": 0.52734375
    },
    "11": {
        "Yaw": -89.263916015625,
        "Roll": -0.9228515625,
        "Pitch": 0.615234375
    },
    "12": {
        "Yaw": -89.18426513671875,
        "Roll": -1.58203125,
        "Pitch": 0.52734375
    },
    "13": {
        "Yaw": -89.1650390625,
        "Roll": -2.98828125,
        "Pitch": 0.6591796875
    },
    "14": {
        "Yaw": -89.45343017578125,
        "Roll": -4.1748046875,
        "Pitch": 0.7470703125
    },
    "15": {
        "Yaw": -89.5440673828125,
        "Roll": -4.2626953125,
        "Pitch": 0.3076171875
    },
    "16": {
        "Yaw": -89.33807373046875,
        "Roll": -4.39453125,
        "Pitch": 0.439453125
    },
    "17": {
        "Yaw": -89.351806640625,
        "Roll": -3.5595703125,
        "Pitch": 0.6591796875
    },
    "18": {
        "Yaw": -89.34356689453125,
        "Roll": -3.515625,
        "Pitch": 0.6591796875
    },
    "19": {
        "Yaw": -89.3408203125,
        "Roll": -3.69140625,
        "Pitch": 0.6591796875
    },
    "20": {
        "Yaw": -89.33807373046875,
        "Roll": -3.8232421875,
        "Pitch": 0.6591796875
    },
    "21": {
        "Yaw": -89.34356689453125,
        "Roll": -3.8232421875,
        "Pitch": 0.6591796875
    },
    "22": {
        "Yaw": -89.34356689453125,
        "Roll": -3.8232421875,
        "Pitch": 0.6591796875
    },
    "23": {
        "Yaw": -89.3463134765625,
        "Roll": -3.8671875,
        "Pitch": 0.6591796875
    },
    "24": {
        "Yaw": -89.34356689453125,
        "Roll": -3.8671875,
        "Pitch": 0.6591796875
    },
    "25": {
        "Yaw": -89.3463134765625,
        "Roll": -3.8232421875,
        "Pitch": 0.6591796875
    },
    "26": {
        "Yaw": -89.351806640625,
        "Roll": -3.8232421875,
        "Pitch": 0.703125
    },
    "27": {
        "Yaw": -89.35455322265625,
        "Roll": -3.8232421875,
        "Pitch": 0.703125
    },
    "28": {
        "Yaw": -89.351806640625,
        "Roll": -3.8232421875,
        "Pitch": 0.703125
    },
    "29": {
        "Yaw": -89.35455322265625,
        "Roll": -3.8232421875,
        "Pitch": 0.703125
    },
    "30": {
        "Yaw": -89.3572998046875,
        "Roll": -3.8232421875,
        "Pitch": 0.703125
    },
    "31": {
        "Yaw": -89.36004638671875,
        "Roll": -3.779296875,
        "Pitch": 0.6591796875
    },
    "32": {
        "Yaw": -89.36004638671875,
        "Roll": -3.8232421875,
        "Pitch": 0.703125
    },
    "33": {
        "Yaw": -89.36004638671875,
        "Roll": -3.8232421875,
        "Pitch": 0.703125
    },
    "34": {
        "Yaw": -89.36004638671875,
        "Roll": -3.8232421875,
        "Pitch": 0.6591796875
    },
    "35": {
        "Yaw": -89.36279296875,
        "Roll": -3.8232421875,
        "Pitch": 0.6591796875
    },
    "36": {
        "Yaw": -89.36553955078125,
        "Roll": -3.8232421875,
        "Pitch": 0.6591796875
    },
    "37": {
        "Yaw": -89.36553955078125,
        "Roll": -3.8232421875,
        "Pitch": 0.6591796875
    },
    "38": {
        "Yaw": -89.3682861328125,
        "Roll": -3.8232421875,
        "Pitch": 0.6591796875
    },
    "39": {
        "Yaw": -89.3682861328125,
        "Roll": -3.8232421875,
        "Pitch": 0.615234375
    },
    "40": {
        "Yaw": -89.3682861328125,
        "Roll": -3.8232421875,
        "Pitch": 0.6591796875
    },
    "41": {
        "Yaw": -89.3682861328125,
        "Roll": -3.8671875,
        "Pitch": 0.703125
    },
    "42": {
        "Yaw": -89.36553955078125,
        "Roll": -3.779296875,
        "Pitch": 0.615234375
    },
    "43": {
        "Yaw": -89.36279296875,
        "Roll": -3.8232421875,
        "Pitch": 0.6591796875
    },
    "44": {
        "Yaw": -89.373779296875,
        "Roll": -3.8232421875,
        "Pitch": 0.703125
    },
    "45": {
        "Yaw": -89.37103271484375,
        "Roll": -3.779296875,
        "Pitch": 0.703125
    },
    "46": {
        "Yaw": -89.36553955078125,
        "Roll": -3.8232421875,
        "Pitch": 0.703125
    },
    "47": {
        "Yaw": -89.3682861328125,
        "Roll": -3.779296875,
        "Pitch": 0.6591796875
    },
    "48": {
        "Yaw": -89.3682861328125,
        "Roll": -3.8232421875,
        "Pitch": 0.6591796875
    },
    "49": {
        "Yaw": -89.3682861328125,
        "Roll": -3.8232421875,
        "Pitch": 0.6591796875
    },
    "50": {
        "Yaw": -89.373779296875,
        "Roll": -3.8232421875,
        "Pitch": 0.6591796875
    },
    "51": {
        "Yaw": -89.373779296875,
        "Roll": -3.8232421875,
        "Pitch": 0.703125
    },
    "52": {
        "Yaw": -89.373779296875,
        "Roll": -3.8232421875,
        "Pitch": 0.6591796875
    },
    "53": {
        "Yaw": -89.373779296875,
        "Roll": -3.8232421875,
        "Pitch": 0.6591796875
    }
}