{
    "1": {
        "Yaw": -89.9560546875,
        "Roll": -0.5712890625,
        "Pitch": 0.3955078125
    },
    "2": {
        "Yaw": -89.95880126953125,
        "Roll": -0.6591796875,
        "Pitch": 0.3955078125
    },
    "3": {
        "Yaw": -89.9615478515625,
        "Roll": -0.703125,
        "Pitch": 0.3955078125
    },
    "4": {
        "Yaw": -89.96429443359375,
        "Roll": -0.703125,
        "Pitch": 0.3955078125
    },
    "5": {
        "Yaw": -89.967041015625,
        "Roll": -0.703125,
        "Pitch": 0.3955078125
    },
    "6": {
        "Yaw": -89.967041015625,
        "Roll": -0.703125,
        "Pitch": 0.3955078125
    },
    "7": {
        "Yaw": -89.96429443359375,
        "Roll": -0.703125,
        "Pitch": 0.3955078125
    },
    "8": {
        "Yaw": -89.967041015625,
        "Roll": -0.4833984375,
        "Pitch": 0.3515625
    },
    "9": {
        "Yaw": -89.97528076171875,
        "Roll": 0.5712890625,
        "Pitch": 0.52734375
    },
    "10": {
        "Yaw": -89.9725341796875,
        "Roll": 2.0654296875,
        "Pitch": 0.439453125
    },
    "11": {
        "Yaw": -89.9725341796875,
        "Roll": 3.3837890625,
        "Pitch": 0.6591796875
    },
    "12": {
        "Yaw": -89.9725341796875,
        "Roll": 3.7353515625,
        "Pitch": 0.615234375
    },
    "13": {
        "Yaw": -89.98077392578125,
        "Roll": 3.8232421875,
        "Pitch": 0.5712890625
    },
    "14": {
        "Yaw": -89.97528076171875,
        "Roll": 3.4716796875,
        "Pitch": 0.8349609375
    },
    "15": {
        "Yaw": -89.95330810546875,
        "Roll": 3.076171875,
        "Pitch": 0.5712890625
    },
    "16": {
        "Yaw": -89.912109375,
        "Roll": 2.724609375,
        "Pitch": 0.703125
    },
    "17": {
        "Yaw": -89.912109375,
        "Roll": 2.5927734375,
        "Pitch": 0.703125
    },
    "18": {
        "Yaw": -89.923095703125,
        "Roll": 2.5048828125,
        "Pitch": 0.6591796875
    },
    "19": {
        "Yaw": -89.93133544921875,
        "Roll": 2.4169921875,
        "Pitch": 0.615234375
    },
    "20": {
        "Yaw": -89.94232177734375,
        "Roll": 2.373046875,
        "Pitch": 0.615234375
    },
    "21": {
        "Yaw": -89.94232177734375,
        "Roll": 2.4169921875,
        "Pitch": 0.5712890625
    },
    "22": {
        "Yaw": -89.94232177734375,
        "Roll": 2.4169921875,
        "Pitch": 0.615234375
    },
    "23": {
        "Yaw": -89.945068359375,
        "Roll": 2.4169921875,
        "Pitch": 0.5712890625
    },
    "24": {
        "Yaw": -89.945068359375,
        "Roll": 2.373046875,
        "Pitch": 0.5712890625
    },
    "25": {
        "Yaw": -89.94781494140625,
        "Roll": 2.4169921875,
        "Pitch": 0.5712890625
    },
    "26": {
        "Yaw": -89.945068359375,
        "Roll": 2.373046875,
        "Pitch": 0.5712890625
    },
    "27": {
        "Yaw": -89.945068359375,
        "Roll": 2.4169921875,
        "Pitch": 0.5712890625
    },
    "28": {
        "Yaw": -89.94232177734375,
        "Roll": 2.4169921875,
        "Pitch": 0.615234375
    },
    "29": {
        "Yaw": -89.94232177734375,
        "Roll": 2.4169921875,
        "Pitch": 0.5712890625
    },
    "30": {
        "Yaw": -89.945068359375,
        "Roll": 2.4169921875,
        "Pitch": 0.5712890625
    },
    "31": {
        "Yaw": -89.945068359375,
        "Roll": 2.373046875,
        "Pitch": 0.52734375
    },
    "32": {
        "Yaw": -89.94781494140625,
        "Roll": 2.373046875,
        "Pitch": 0.615234375
    },
    "33": {
        "Yaw": -89.945068359375,
        "Roll": 2.373046875,
        "Pitch": 0.5712890625
    },
    "34": {
        "Yaw": -89.9395751953125,
        "Roll": 2.4169921875,
        "Pitch": 0.5712890625
    },
    "35": {
        "Yaw": -89.9395751953125,
        "Roll": 2.373046875,
        "Pitch": 0.5712890625
    },
    "36": {
        "Yaw": -89.93682861328125,
        "Roll": 2.4169921875,
        "Pitch": 0.5712890625
    },
    "37": {
        "Yaw": -89.93682861328125,
        "Roll": 2.373046875,
        "Pitch": 0.615234375
    },
    "38": {
        "Yaw": -89.93682861328125,
        "Roll": 2.4169921875,
        "Pitch": 0.5712890625
    },
    "39": {
        "Yaw": -89.93682861328125,
        "Roll": 2.4169921875,
        "Pitch": 0.5712890625
    },
    "40": {
        "Yaw": -89.9395751953125,
        "Roll": 2.4169921875,
        "Pitch": 0.5712890625
    },
    "41": {
        "Yaw": -89.93682861328125,
        "Roll": 2.4169921875,
        "Pitch": 0.5712890625
    },
    "42": {
        "Yaw": -89.93408203125,
        "Roll": 2.4169921875,
        "Pitch": 0.615234375
    },
    "43": {
        "Yaw": -89.93682861328125,
        "Roll": 2.4169921875,
        "Pitch": 0.5712890625
    },
    "44": {
        "Yaw": -89.93682861328125,
        "Roll": 2.373046875,
        "Pitch": 0.5712890625
    },
    "45": {
        "Yaw": -89.9395751953125,
        "Roll": 2.373046875,
        "Pitch": 0.615234375
    },
    "46": {
        "Yaw": -89.93682861328125,
        "Roll": 2.373046875,
        "Pitch": 0.5712890625
    },
    "47": {
        "Yaw": -89.9395751953125,
        "Roll": 2.373046875,
        "Pitch": 0.5712890625
    },
    "48": {
        "Yaw": -89.94232177734375,
        "Roll": 2.4169921875,
        "Pitch": 0.5712890625
    },
    "49": {
        "Yaw": -89.945068359375,
        "Roll": 2.373046875,
        "Pitch": 0.5712890625
    },
    "50": {
        "Yaw": -89.94781494140625,
        "Roll": 2.4169921875,
        "Pitch": 0.5712890625
    },
    "51": {
        "Yaw": -89.945068359375,
        "Roll": 2.373046875,
        "Pitch": 0.5712890625
    },
    "52": {
        "Yaw": -89.9505615234375,
        "Roll": 2.373046875,
        "Pitch": 0.615234375
    },
    "53": {
        "Yaw": -89.9505615234375,
        "Roll": 2.373046875,
        "Pitch": 0.5712890625
    },
    "54": {
        "Yaw": -89.9505615234375,
        "Roll": 2.4169921875,
        "Pitch": 0.5712890625
    },
    "55": {
        "Yaw": -89.9505615234375,
        "Roll": 2.373046875,
        "Pitch": 0.615234375
    },
    "56": {
        "Yaw": -89.945068359375,
        "Roll": 2.4169921875,
        "Pitch": 0.5712890625
    },
    "57": {
        "Yaw": -89.945068359375,
        "Roll": 2.373046875,
        "Pitch": 0.615234375
    },
    "58": {
        "Yaw": -89.94232177734375,
        "Roll": 2.373046875,
        "Pitch": 0.5712890625
    },
    "59": {
        "Yaw": -89.9395751953125,
        "Roll": 2.4169921875,
        "Pitch": 0.52734375
    },
    "60": {
        "Yaw": -89.9395751953125,
        "Roll": 2.373046875,
        "Pitch": 0.615234375
    },
    "61": {
        "Yaw": -89.9395751953125,
        "Roll": 2.373046875,
        "Pitch": 0.615234375
    },
    "62": {
        "Yaw": -89.9395751953125,
        "Roll": 2.4169921875,
        "Pitch": 0.5712890625
    },
    "63": {
        "Yaw": -89.94232177734375,
        "Roll": 2.4169921875,
        "Pitch": 0.615234375
    },
    "64": {
        "Yaw": -89.93682861328125,
        "Roll": 2.373046875,
        "Pitch": 0.615234375
    }
}