{
    "1": {
        "Yaw": -89.45068359375,
        "Roll": -3.8232421875,
        "Pitch": 0.5712890625
    },
    "2": {
        "Yaw": -89.45068359375,
        "Roll": -3.8232421875,
        "Pitch": 0.5712890625
    },
    "3": {
        "Yaw": -89.44793701171875,
        "Roll": -3.779296875,
        "Pitch": 0.4833984375
    },
    "4": {
        "Yaw": -89.44793701171875,
        "Roll": -3.779296875,
        "Pitch": 0.52734375
    },
    "5": {
        "Yaw": -89.4451904296875,
        "Roll": -3.8232421875,
        "Pitch": 0.52734375
    },
    "6": {
        "Yaw": -89.44244384765625,
        "Roll": -3.8232421875,
        "Pitch": 0.3955078125
    },
    "7": {
        "Yaw": -89.44793701171875,
        "Roll": -3.8232421875,
        "Pitch": 0.4833984375
    },
    "8": {
        "Yaw": -89.46990966796875,
        "Roll": -3.8671875,
        "Pitch": 0.615234375
    },
    "9": {
        "Yaw": -89.49737548828125,
        "Roll": -3.8671875,
        "Pitch": 0.3515625
    },
    "10": {
        "Yaw": -89.5001220703125,
        "Roll": -3.955078125,
        "Pitch": 0.4833984375
    },
    "11": {
        "Yaw": -89.5001220703125,
        "Roll": -3.4716796875,
        "Pitch": 0.439453125
    },
    "12": {
        "Yaw": -89.5001220703125,
        "Roll": -3.3837890625,
        "Pitch": 0.4833984375
    },
    "13": {
        "Yaw": -89.505615234375,
        "Roll": -2.0654296875,
        "Pitch": 0.703125
    },
    "14": {
        "Yaw": -89.55230712890625,
        "Roll": -1.3623046875,
        "Pitch": 0.52734375
    },
    "15": {
        "Yaw": -89.57427978515625,
        "Roll": -1.2744140625,
        "Pitch": 0.4833984375
    },
    "16": {
        "Yaw": -89.56878662109375,
        "Roll": -1.0546875,
        "Pitch": 0.4833984375
    },
    "17": {
        "Yaw": -89.56878662109375,
        "Roll": -0.9228515625,
        "Pitch": 0.615234375
    },
    "18": {
        "Yaw": -89.571533203125,
        "Roll": -0.9228515625,
        "Pitch": 0.5712890625
    },
    "19": {
        "Yaw": -89.571533203125,
        "Roll": -0.9228515625,
        "Pitch": 0.5712890625
    },
    "20": {
        "Yaw": -89.571533203125,
        "Roll": -0.9228515625,
        "Pitch": 0.5712890625
    },
    "21": {
        "Yaw": -89.571533203125,
        "Roll": -0.87890625,
        "Pitch": 0.5712890625
    },
    "22": {
        "Yaw": -89.571533203125,
        "Roll": -0.87890625,
        "Pitch": 0.615234375
    },
    "23": {
        "Yaw": -89.56878662109375,
        "Roll": -0.87890625,
        "Pitch": 0.5712890625
    },
    "24": {
        "Yaw": -89.560546875,
        "Roll": -0.87890625,
        "Pitch": 0.5712890625
    },
    "25": {
        "Yaw": -89.55780029296875,
        "Roll": -0.87890625,
        "Pitch": 0.52734375
    },
    "26": {
        "Yaw": -89.55780029296875,
        "Roll": -0.87890625,
        "Pitch": 0.5712890625
    },
    "27": {
        "Yaw": -89.5550537109375,
        "Roll": -0.9228515625,
        "Pitch": 0.52734375
    },
    "28": {
        "Yaw": -89.5550537109375,
        "Roll": -0.9228515625,
        "Pitch": 0.5712890625
    },
    "29": {
        "Yaw": -89.560546875,
        "Roll": -0.87890625,
        "Pitch": 0.5712890625
    },
    "30": {
        "Yaw": -89.5660400390625,
        "Roll": -0.87890625,
        "Pitch": 0.5712890625
    },
    "31": {
        "Yaw": -89.56878662109375,
        "Roll": -0.87890625,
        "Pitch": 0.5712890625
    },
    "32": {
        "Yaw": -89.56878662109375,
        "Roll": -0.9228515625,
        "Pitch": 0.52734375
    },
    "33": {
        "Yaw": -89.571533203125,
        "Roll": -0.9228515625,
        "Pitch": 0.615234375
    },
    "34": {
        "Yaw": -89.5660400390625,
        "Roll": -0.87890625,
        "Pitch": 0.5712890625
    },
    "35": {
        "Yaw": -89.56329345703125,
        "Roll": -0.87890625,
        "Pitch": 0.52734375
    },
    "36": {
        "Yaw": -89.56329345703125,
        "Roll": -0.9228515625,
        "Pitch": 0.5712890625
    },
    "37": {
        "Yaw": -89.560546875,
        "Roll": -0.87890625,
        "Pitch": 0.5712890625
    },
    "38": {
        "Yaw": -89.55780029296875,
        "Roll": -0.87890625,
        "Pitch": 0.615234375
    },
    "39": {
        "Yaw": -89.5550537109375,
        "Roll": -0.87890625,
        "Pitch": 0.52734375
    },
    "40": {
        "Yaw": -89.55780029296875,
        "Roll": -0.87890625,
        "Pitch": 0.5712890625
    },
    "41": {
        "Yaw": -89.55780029296875,
        "Roll": -0.87890625,
        "Pitch": 0.52734375
    },
    "42": {
        "Yaw": -89.560546875,
        "Roll": -0.87890625,
        "Pitch": 0.5712890625
    },
    "43": {
        "Yaw": -89.5660400390625,
        "Roll": -0.87890625,
        "Pitch": 0.5712890625
    },
    "44": {
        "Yaw": -89.5660400390625,
        "Roll": -0.8349609375,
        "Pitch": 0.5712890625
    },
    "45": {
        "Yaw": -89.5660400390625,
        "Roll": -0.87890625,
        "Pitch": 0.5712890625
    },
    "46": {
        "Yaw": -89.5660400390625,
        "Roll": -0.87890625,
        "Pitch": 0.5712890625
    }
}