{
    "1": {
        "Yaw": -89.945068359375,
        "Roll": 2.4169921875,
        "Pitch": 0.5712890625
    },
    "2": {
        "Yaw": -89.94232177734375,
        "Roll": 2.4169921875,
        "Pitch": 0.52734375
    },
    "3": {
        "Yaw": -89.945068359375,
        "Roll": 2.4169921875,
        "Pitch": 0.615234375
    },
    "4": {
        "Yaw": -89.94781494140625,
        "Roll": 2.4169921875,
        "Pitch": 0.615234375
    },
    "5": {
        "Yaw": -89.9505615234375,
        "Roll": 2.373046875,
        "Pitch": 0.615234375
    },
    "6": {
        "Yaw": -89.95330810546875,
        "Roll": 2.373046875,
        "Pitch": 0.6591796875
    },
    "7": {
        "Yaw": -89.93133544921875,
        "Roll": 2.4169921875,
        "Pitch": 0.703125
    },
    "8": {
        "Yaw": -89.8626708984375,
        "Roll": 2.548828125,
        "Pitch": 0.4833984375
    },
    "9": {
        "Yaw": -89.8077392578125,
        "Roll": 2.63671875,
        "Pitch": 0.5712890625
    },
    "10": {
        "Yaw": -89.7967529296875,
        "Roll": 3.2958984375,
        "Pitch": 0.7470703125
    },
    "11": {
        "Yaw": -89.615478515625,
        "Roll": 3.2080078125,
        "Pitch": 0.8349609375
    },
    "12": {
        "Yaw": -89.527587890625,
        "Roll": 2.6806640625,
        "Pitch": 0.3955078125
    },
    "13": {
        "Yaw": -89.5220947265625,
        "Roll": 1.93359375,
        "Pitch": 0.3076171875
    },
    "14": {
        "Yaw": -89.527587890625,
        "Roll": 0.9228515625,
        "Pitch": 0.7470703125
    },
    "15": {
        "Yaw": -89.51934814453125,
        "Roll": 0.6591796875,
        "Pitch": 0.6591796875
    },
    "16": {
        "Yaw": -89.5001220703125,
        "Roll": 0.087890625,
        "Pitch": 0.6591796875
    },
    "17": {
        "Yaw": -89.5166015625,
        "Roll": -0.1318359375,
        "Pitch": 0.52734375
    },
    "18": {
        "Yaw": -89.53033447265625,
        "Roll": -0.17578125,
        "Pitch": 0.615234375
    },
    "19": {
        "Yaw": -89.53033447265625,
        "Roll": -0.2197265625,
        "Pitch": 0.4833984375
    },
    "20": {
        "Yaw": -89.5330810546875,
        "Roll": -0.263671875,
        "Pitch": 0.615234375
    },
    "21": {
        "Yaw": -89.54132080078125,
        "Roll": -0.263671875,
        "Pitch": 0.5712890625
    },
    "22": {
        "Yaw": -89.5440673828125,
        "Roll": -0.263671875,
        "Pitch": 0.5712890625
    },
    "23": {
        "Yaw": -89.54132080078125,
        "Roll": -0.263671875,
        "Pitch": 0.5712890625
    },
    "24": {
        "Yaw": -89.53857421875,
        "Roll": -0.263671875,
        "Pitch": 0.4833984375
    },
    "25": {
        "Yaw": -89.53582763671875,
        "Roll": -0.263671875,
        "Pitch": 0.52734375
    },
    "26": {
        "Yaw": -89.53033447265625,
        "Roll": -0.263671875,
        "Pitch": 0.5712890625
    },
    "27": {
        "Yaw": -89.5330810546875,
        "Roll": -0.263671875,
        "Pitch": 0.52734375
    },
    "28": {
        "Yaw": -89.54132080078125,
        "Roll": -0.263671875,
        "Pitch": 0.5712890625
    },
    "29": {
        "Yaw": -89.5440673828125,
        "Roll": -0.263671875,
        "Pitch": 0.52734375
    },
    "30": {
        "Yaw": -89.54132080078125,
        "Roll": -0.263671875,
        "Pitch": 0.52734375
    },
    "31": {
        "Yaw": -89.5440673828125,
        "Roll": -0.263671875,
        "Pitch": 0.5712890625
    },
    "32": {
        "Yaw": -89.53582763671875,
        "Roll": -0.263671875,
        "Pitch": 0.52734375
    },
    "33": {
        "Yaw": -89.53582763671875,
        "Roll": -0.263671875,
        "Pitch": 0.52734375
    },
    "34": {
        "Yaw": -89.53857421875,
        "Roll": -0.263671875,
        "Pitch": 0.52734375
    },
    "35": {
        "Yaw": -89.53857421875,
        "Roll": -0.263671875,
        "Pitch": 0.52734375
    },
    "36": {
        "Yaw": -89.5330810546875,
        "Roll": -0.263671875,
        "Pitch": 0.52734375
    },
    "37": {
        "Yaw": -89.5330810546875,
        "Roll": -0.263671875,
        "Pitch": 0.52734375
    },
    "38": {
        "Yaw": -89.5330810546875,
        "Roll": -0.263671875,
        "Pitch": 0.5712890625
    },
    "39": {
        "Yaw": -89.53033447265625,
        "Roll": -0.263671875,
        "Pitch": 0.5712890625
    },
    "40": {
        "Yaw": -89.5330810546875,
        "Roll": -0.2197265625,
        "Pitch": 0.4833984375
    },
    "41": {
        "Yaw": -89.5330810546875,
        "Roll": -0.263671875,
        "Pitch": 0.52734375
    },
    "42": {
        "Yaw": -89.53582763671875,
        "Roll": -0.263671875,
        "Pitch": 0.5712890625
    },
    "43": {
        "Yaw": -89.53857421875,
        "Roll": -0.263671875,
        "Pitch": 0.52734375
    },
    "44": {
        "Yaw": -89.53582763671875,
        "Roll": -0.263671875,
        "Pitch": 0.52734375
    },
    "45": {
        "Yaw": -89.53582763671875,
        "Roll": -0.263671875,
        "Pitch": 0.52734375
    },
    "46": {
        "Yaw": -89.53582763671875,
        "Roll": -0.263671875,
        "Pitch": 0.52734375
    },
    "47": {
        "Yaw": -89.53582763671875,
        "Roll": -0.263671875,
        "Pitch": 0.5712890625
    },
    "48": {
        "Yaw": -89.53582763671875,
        "Roll": -0.263671875,
        "Pitch": 0.52734375
    },
    "49": {
        "Yaw": -89.5330810546875,
        "Roll": -0.263671875,
        "Pitch": 0.52734375
    },
    "50": {
        "Yaw": -89.53582763671875,
        "Roll": -0.263671875,
        "Pitch": 0.52734375
    },
    "51": {
        "Yaw": -89.53582763671875,
        "Roll": -0.263671875,
        "Pitch": 0.52734375
    },
    "52": {
        "Yaw": -89.53857421875,
        "Roll": -0.3076171875,
        "Pitch": 0.52734375
    },
    "53": {
        "Yaw": -89.53582763671875,
        "Roll": -0.263671875,
        "Pitch": 0.5712890625
    },
    "54": {
        "Yaw": -89.53582763671875,
        "Roll": -0.263671875,
        "Pitch": 0.52734375
    },
    "55": {
        "Yaw": -89.5330810546875,
        "Roll": -0.263671875,
        "Pitch": 0.52734375
    }
}