{
    "1": {
        "Yaw": -90.88165283203125,
        "Roll": -0.615234375,
        "Pitch": 0.615234375
    },
    "2": {
        "Yaw": -90.87890625,
        "Roll": -0.5712890625,
        "Pitch": 0.5712890625
    },
    "3": {
        "Yaw": -90.88165283203125,
        "Roll": -0.5712890625,
        "Pitch": 0.52734375
    },
    "4": {
        "Yaw": -90.88714599609375,
        "Roll": -0.5712890625,
        "Pitch": 0.5712890625
    },
    "5": {
        "Yaw": -90.889892578125,
        "Roll": -0.5712890625,
        "Pitch": 0.5712890625
    },
    "6": {
        "Yaw": -90.889892578125,
        "Roll": -0.5712890625,
        "Pitch": 0.615234375
    },
    "7": {
        "Yaw": -90.889892578125,
        "Roll": -0.615234375,
        "Pitch": 0.52734375
    },
    "8": {
        "Yaw": -90.8953857421875,
        "Roll": -0.5712890625,
        "Pitch": 0.5712890625
    },
    "9": {
        "Yaw": -90.889892578125,
        "Roll": -0.5712890625,
        "Pitch": 0.5712890625
    },
    "10": {
        "Yaw": -90.90362548828125,
        "Roll": -0.615234375,
        "Pitch": 0.7470703125
    },
    "11": {
        "Yaw": -90.9063720703125,
        "Roll": -0.615234375,
        "Pitch": 1.6259765625
    },
    "12": {
        "Yaw": -90.933837890625,
        "Roll": -0.5712890625,
        "Pitch": 3.515625
    },
    "13": {
        "Yaw": -90.9722900390625,
        "Roll": -0.7470703125,
        "Pitch": 4.74609375
    },
    "14": {
        "Yaw": -90.9393310546875,
        "Roll": -0.615234375,
        "Pitch": 4.833984375
    },
    "15": {
        "Yaw": -90.9283447265625,
        "Roll": -0.615234375,
        "Pitch": 4.4384765625
    },
    "16": {
        "Yaw": -90.94757080078125,
        "Roll": -0.6591796875,
        "Pitch": 4.5703125
    },
    "17": {
        "Yaw": -90.94757080078125,
        "Roll": -0.5712890625,
        "Pitch": 4.21875
    },
    "18": {
        "Yaw": -90.98602294921875,
        "Roll": -0.615234375,
        "Pitch": 4.1748046875
    },
    "19": {
        "Yaw": -90.9832763671875,
        "Roll": -0.615234375,
        "Pitch": 4.1748046875
    },
    "20": {
        "Yaw": -90.9832763671875,
        "Roll": -0.6591796875,
        "Pitch": 4.130859375
    },
    "21": {
        "Yaw": -90.98052978515625,
        "Roll": -0.6591796875,
        "Pitch": 3.9990234375
    },
    "22": {
        "Yaw": -90.98602294921875,
        "Roll": -0.6591796875,
        "Pitch": 4.0869140625
    },
    "23": {
        "Yaw": -90.99151611328125,
        "Roll": -0.791015625,
        "Pitch": 4.04296875
    },
    "24": {
        "Yaw": -90.999755859375,
        "Roll": -0.9228515625,
        "Pitch": 4.0869140625
    },
    "25": {
        "Yaw": -90.9942626953125,
        "Roll": -0.9228515625,
        "Pitch": 4.04296875
    },
    "26": {
        "Yaw": -90.999755859375,
        "Roll": -0.966796875,
        "Pitch": 4.0869140625
    },
    "27": {
        "Yaw": -90.999755859375,
        "Roll": -0.966796875,
        "Pitch": 4.0869140625
    },
    "28": {
        "Yaw": -90.99151611328125,
        "Roll": -0.9228515625,
        "Pitch": 3.9990234375
    },
    "29": {
        "Yaw": -90.99700927734375,
        "Roll": -0.9228515625,
        "Pitch": 4.130859375
    },
    "30": {
        "Yaw": -90.999755859375,
        "Roll": -0.9228515625,
        "Pitch": 4.0869140625
    },
    "31": {
        "Yaw": -91.00250244140625,
        "Roll": -0.966796875,
        "Pitch": 4.0869140625
    },
    "32": {
        "Yaw": -91.00250244140625,
        "Roll": -0.966796875,
        "Pitch": 4.04296875
    },
    "33": {
        "Yaw": -91.00250244140625,
        "Roll": -0.966796875,
        "Pitch": 4.0869140625
    },
    "34": {
        "Yaw": -91.00250244140625,
        "Roll": -0.9228515625,
        "Pitch": 4.0869140625
    },
    "35": {
        "Yaw": -90.99151611328125,
        "Roll": -0.791015625,
        "Pitch": 4.04296875
    },
    "36": {
        "Yaw": -90.9942626953125,
        "Roll": -0.7470703125,
        "Pitch": 4.130859375
    },
    "37": {
        "Yaw": -90.98876953125,
        "Roll": -0.703125,
        "Pitch": 4.04296875
    },
    "38": {
        "Yaw": -90.9832763671875,
        "Roll": -0.703125,
        "Pitch": 4.0869140625
    },
    "39": {
        "Yaw": -90.977783203125,
        "Roll": -0.6591796875,
        "Pitch": 4.0869140625
    },
    "40": {
        "Yaw": -90.977783203125,
        "Roll": -0.703125,
        "Pitch": 4.0869140625
    },
    "41": {
        "Yaw": -90.97503662109375,
        "Roll": -0.6591796875,
        "Pitch": 4.0869140625
    },
    "42": {
        "Yaw": -90.97503662109375,
        "Roll": -0.6591796875,
        "Pitch": 4.0869140625
    },
    "43": {
        "Yaw": -90.9722900390625,
        "Roll": -0.703125,
        "Pitch": 4.0869140625
    },
    "44": {
        "Yaw": -90.96954345703125,
        "Roll": -0.703125,
        "Pitch": 4.0869140625
    },
    "45": {
        "Yaw": -90.966796875,
        "Roll": -0.6591796875,
        "Pitch": 4.0869140625
    },
    "46": {
        "Yaw": -90.9722900390625,
        "Roll": -0.703125,
        "Pitch": 4.0869140625
    },
    "47": {
        "Yaw": -90.9722900390625,
        "Roll": -0.703125,
        "Pitch": 4.0869140625
    },
    "48": {
        "Yaw": -90.9722900390625,
        "Roll": -0.703125,
        "Pitch": 4.0869140625
    },
    "49": {
        "Yaw": -90.9722900390625,
        "Roll": -0.703125,
        "Pitch": 4.0869140625
    },
    "50": {
        "Yaw": -90.9722900390625,
        "Roll": -0.703125,
        "Pitch": 4.0869140625
    },
    "51": {
        "Yaw": -90.96954345703125,
        "Roll": -0.703125,
        "Pitch": 4.0869140625
    },
    "52": {
        "Yaw": -90.9722900390625,
        "Roll": -0.6591796875,
        "Pitch": 4.0869140625
    },
    "53": {
        "Yaw": -90.97503662109375,
        "Roll": -0.703125,
        "Pitch": 4.0869140625
    },
    "54": {
        "Yaw": -90.977783203125,
        "Roll": -0.703125,
        "Pitch": 4.0869140625
    }
}