{
    "1": {
        "Yaw": -90.010986328125,
        "Roll": -1.0107421875,
        "Pitch": -2.5048828125
    },
    "2": {
        "Yaw": -90.00274658203125,
        "Roll": -1.0546875,
        "Pitch": -2.548828125
    },
    "3": {
        "Yaw": -90.00274658203125,
        "Roll": -1.0546875,
        "Pitch": -2.548828125
    },
    "4": {
        "Yaw": -90.0054931640625,
        "Roll": -1.0546875,
        "Pitch": -2.5048828125
    },
    "5": {
        "Yaw": -90.0,
        "Roll": -1.0546875,
        "Pitch": -2.5048828125
    },
    "6": {
        "Yaw": -90.00823974609375,
        "Roll": -1.0107421875,
        "Pitch": -2.5048828125
    },
    "7": {
        "Yaw": -90.0054931640625,
        "Roll": -1.0546875,
        "Pitch": -2.4609375
    },
    "8": {
        "Yaw": -90.0054931640625,
        "Roll": -1.0107421875,
        "Pitch": -2.4609375
    },
    "9": {
        "Yaw": -90.0,
        "Roll": -1.0107421875,
        "Pitch": -2.4609375
    },
    "10": {
        "Yaw": -90.00274658203125,
        "Roll": -1.0107421875,
        "Pitch": -2.548828125
    },
    "11": {
        "Yaw": -89.99725341796875,
        "Roll": -1.0107421875,
        "Pitch": -2.4609375
    },
    "12": {
        "Yaw": -90.0054931640625,
        "Roll": -1.0546875,
        "Pitch": -2.5048828125
    },
    "13": {
        "Yaw": -90.010986328125,
        "Roll": -1.0546875,
        "Pitch": -2.63671875
    },
    "14": {
        "Yaw": -90.00823974609375,
        "Roll": -0.966796875,
        "Pitch": -2.63671875
    },
    "15": {
        "Yaw": -90.05767822265625,
        "Roll": -0.966796875,
        "Pitch": -2.63671875
    },
    "16": {
        "Yaw": -90.05218505859375,
        "Roll": -0.966796875,
        "Pitch": -2.7685546875
    },
    "17": {
        "Yaw": -90.0439453125,
        "Roll": -1.0107421875,
        "Pitch": -3.076171875
    },
    "18": {
        "Yaw": -90.0823974609375,
        "Roll": -1.0107421875,
        "Pitch": -2.548828125
    },
    "19": {
        "Yaw": -90.06866455078125,
        "Roll": -0.9228515625,
        "Pitch": -2.5927734375
    },
    "20": {
        "Yaw": -90.07415771484375,
        "Roll": -0.8349609375,
        "Pitch": -2.548828125
    },
    "21": {
        "Yaw": -90.07965087890625,
        "Roll": -0.7470703125,
        "Pitch": -2.724609375
    },
    "22": {
        "Yaw": -90.12908935546875,
        "Roll": -0.7470703125,
        "Pitch": -2.109375
    },
    "23": {
        "Yaw": -90.120849609375,
        "Roll": -0.439453125,
        "Pitch": -0.791015625
    },
    "24": {
        "Yaw": -89.94781494140625,
        "Roll": -0.5712890625,
        "Pitch": 0.3076171875
    },
    "25": {
        "Yaw": -89.8626708984375,
        "Roll": -0.6591796875,
        "Pitch": 0.2197265625
    },
    "26": {
        "Yaw": -89.879150390625,
        "Roll": -0.615234375,
        "Pitch": 0.439453125
    },
    "27": {
        "Yaw": -89.89013671875,
        "Roll": -0.5712890625,
        "Pitch": 0.6591796875
    },
    "28": {
        "Yaw": -89.89288330078125,
        "Roll": -0.52734375,
        "Pitch": 0.6591796875
    },
    "29": {
        "Yaw": -89.89013671875,
        "Roll": -0.52734375,
        "Pitch": 0.6591796875
    },
    "30": {
        "Yaw": -89.88739013671875,
        "Roll": -0.4833984375,
        "Pitch": 0.6591796875
    },
    "31": {
        "Yaw": -89.8846435546875,
        "Roll": -0.4833984375,
        "Pitch": 0.6591796875
    },
    "32": {
        "Yaw": -89.8846435546875,
        "Roll": -0.52734375,
        "Pitch": 0.6591796875
    },
    "33": {
        "Yaw": -89.8846435546875,
        "Roll": -0.52734375,
        "Pitch": 0.6591796875
    },
    "34": {
        "Yaw": -89.88189697265625,
        "Roll": -0.52734375,
        "Pitch": 0.6591796875
    },
    "35": {
        "Yaw": -89.88189697265625,
        "Roll": -0.52734375,
        "Pitch": 0.6591796875
    },
    "36": {
        "Yaw": -89.89013671875,
        "Roll": -0.5712890625,
        "Pitch": 0.6591796875
    },
    "37": {
        "Yaw": -89.88739013671875,
        "Roll": -0.52734375,
        "Pitch": 0.615234375
    },
    "38": {
        "Yaw": -89.89013671875,
        "Roll": -0.52734375,
        "Pitch": 0.6591796875
    },
    "39": {
        "Yaw": -89.8956298828125,
        "Roll": -0.52734375,
        "Pitch": 0.6591796875
    },
    "40": {
        "Yaw": -89.89837646484375,
        "Roll": -0.52734375,
        "Pitch": 0.615234375
    },
    "41": {
        "Yaw": -89.8956298828125,
        "Roll": -0.52734375,
        "Pitch": 0.615234375
    },
    "42": {
        "Yaw": -89.89837646484375,
        "Roll": -0.52734375,
        "Pitch": 0.6591796875
    },
    "43": {
        "Yaw": -89.89013671875,
        "Roll": -0.5712890625,
        "Pitch": 0.5712890625
    },
    "44": {
        "Yaw": -89.84619140625,
        "Roll": -0.3515625,
        "Pitch": 0.6591796875
    },
    "45": {
        "Yaw": -89.84619140625,
        "Roll": -0.4833984375,
        "Pitch": 0.615234375
    },
    "46": {
        "Yaw": -89.84893798828125,
        "Roll": -0.439453125,
        "Pitch": 0.615234375
    },
    "47": {
        "Yaw": -89.85443115234375,
        "Roll": -0.4833984375,
        "Pitch": 0.615234375
    },
    "48": {
        "Yaw": -89.85992431640625,
        "Roll": -0.52734375,
        "Pitch": 0.615234375
    },
    "49": {
        "Yaw": -89.857177734375,
        "Roll": -0.4833984375,
        "Pitch": 0.615234375
    },
    "50": {
        "Yaw": -89.857177734375,
        "Roll": -0.52734375,
        "Pitch": 0.6591796875
    },
    "51": {
        "Yaw": -89.85992431640625,
        "Roll": -0.52734375,
        "Pitch": 0.6591796875
    },
    "52": {
        "Yaw": -89.8626708984375,
        "Roll": -0.52734375,
        "Pitch": 0.615234375
    },
    "53": {
        "Yaw": -89.8681640625,
        "Roll": -0.52734375,
        "Pitch": 0.615234375
    },
    "54": {
        "Yaw": -89.87091064453125,
        "Roll": -0.52734375,
        "Pitch": 0.615234375
    },
    "55": {
        "Yaw": -89.8736572265625,
        "Roll": -0.4833984375,
        "Pitch": 0.615234375
    },
    "56": {
        "Yaw": -89.87640380859375,
        "Roll": -0.52734375,
        "Pitch": 0.6591796875
    },
    "57": {
        "Yaw": -89.879150390625,
        "Roll": -0.52734375,
        "Pitch": 0.6591796875
    },
    "58": {
        "Yaw": -89.87640380859375,
        "Roll": -0.4833984375,
        "Pitch": 0.615234375
    },
    "59": {
        "Yaw": -89.87640380859375,
        "Roll": -0.52734375,
        "Pitch": 0.615234375
    },
    "60": {
        "Yaw": -89.87640380859375,
        "Roll": -0.52734375,
        "Pitch": 0.615234375
    }
}