{
    "1": {
        "Yaw": -89.61273193359375,
        "Roll": -0.87890625,
        "Pitch": 0.5712890625
    },
    "2": {
        "Yaw": -89.615478515625,
        "Roll": -0.87890625,
        "Pitch": 0.5712890625
    },
    "3": {
        "Yaw": -89.615478515625,
        "Roll": -0.87890625,
        "Pitch": 0.615234375
    },
    "4": {
        "Yaw": -89.61822509765625,
        "Roll": -0.9228515625,
        "Pitch": 0.615234375
    },
    "5": {
        "Yaw": -89.615478515625,
        "Roll": -0.87890625,
        "Pitch": 0.615234375
    },
    "6": {
        "Yaw": -89.6044921875,
        "Roll": -0.87890625,
        "Pitch": 0.6591796875
    },
    "7": {
        "Yaw": -89.615478515625,
        "Roll": -0.87890625,
        "Pitch": 0.5712890625
    },
    "8": {
        "Yaw": -89.615478515625,
        "Roll": -0.8349609375,
        "Pitch": 0.5712890625
    },
    "9": {
        "Yaw": -89.60174560546875,
        "Roll": -0.8349609375,
        "Pitch": 0.615234375
    },
    "10": {
        "Yaw": -89.5770263671875,
        "Roll": -0.7470703125,
        "Pitch": 0.17578125
    },
    "11": {
        "Yaw": -89.56329345703125,
        "Roll": -0.791015625,
        "Pitch": -0.17578125
    },
    "12": {
        "Yaw": -89.5550537109375,
        "Roll": -0.7470703125,
        "Pitch": -0.7470703125
    },
    "13": {
        "Yaw": -89.55780029296875,
        "Roll": -0.6591796875,
        "Pitch": -1.58203125
    },
    "14": {
        "Yaw": -89.55230712890625,
        "Roll": -0.7470703125,
        "Pitch": -2.5048828125
    },
    "15": {
        "Yaw": -89.6319580078125,
        "Roll": -0.791015625,
        "Pitch": -2.021484375
    },
    "16": {
        "Yaw": -89.8736572265625,
        "Roll": -0.9228515625,
        "Pitch": -4.0869140625
    },
    "17": {
        "Yaw": -89.88739013671875,
        "Roll": -0.9228515625,
        "Pitch": -3.33984375
    },
    "18": {
        "Yaw": -89.8736572265625,
        "Roll": -0.966796875,
        "Pitch": -2.900390625
    },
    "19": {
        "Yaw": -89.857177734375,
        "Roll": -1.0546875,
        "Pitch": -2.63671875
    },
    "20": {
        "Yaw": -89.88189697265625,
        "Roll": -1.0546875,
        "Pitch": -2.4609375
    },
    "21": {
        "Yaw": -89.9066162109375,
        "Roll": -0.966796875,
        "Pitch": -2.5048828125
    },
    "22": {
        "Yaw": -89.92584228515625,
        "Roll": -1.0107421875,
        "Pitch": -2.4609375
    },
    "23": {
        "Yaw": -89.93682861328125,
        "Roll": -1.0107421875,
        "Pitch": -2.4169921875
    },
    "24": {
        "Yaw": -89.94781494140625,
        "Roll": -0.966796875,
        "Pitch": -2.4609375
    },
    "25": {
        "Yaw": -89.94781494140625,
        "Roll": -1.0107421875,
        "Pitch": -2.4609375
    },
    "26": {
        "Yaw": -89.95330810546875,
        "Roll": -1.0107421875,
        "Pitch": -2.4609375
    },
    "27": {
        "Yaw": -89.95880126953125,
        "Roll": -1.0107421875,
        "Pitch": -2.4609375
    },
    "28": {
        "Yaw": -89.96429443359375,
        "Roll": -0.966796875,
        "Pitch": -2.5048828125
    },
    "29": {
        "Yaw": -89.9725341796875,
        "Roll": -0.966796875,
        "Pitch": -2.4609375
    },
    "30": {
        "Yaw": -89.97528076171875,
        "Roll": -1.0107421875,
        "Pitch": -2.373046875
    },
    "31": {
        "Yaw": -89.98077392578125,
        "Roll": -1.0107421875,
        "Pitch": -2.5048828125
    },
    "32": {
        "Yaw": -89.989013671875,
        "Roll": -1.0107421875,
        "Pitch": -2.373046875
    },
    "33": {
        "Yaw": -89.99176025390625,
        "Roll": -0.966796875,
        "Pitch": -2.4609375
    },
    "34": {
        "Yaw": -89.99725341796875,
        "Roll": -1.0107421875,
        "Pitch": -2.4169921875
    },
    "35": {
        "Yaw": -90.0,
        "Roll": -1.0107421875,
        "Pitch": -2.4609375
    },
    "36": {
        "Yaw": -90.010986328125,
        "Roll": -0.791015625,
        "Pitch": -2.4609375
    },
    "37": {
        "Yaw": -90.0164794921875,
        "Roll": -0.7470703125,
        "Pitch": -2.4169921875
    },
    "38": {
        "Yaw": -90.02471923828125,
        "Roll": -0.7470703125,
        "Pitch": -2.4609375
    },
    "39": {
        "Yaw": -90.03021240234375,
        "Roll": -0.703125,
        "Pitch": -2.4609375
    },
    "40": {
        "Yaw": -90.032958984375,
        "Roll": -0.703125,
        "Pitch": -2.4609375
    },
    "41": {
        "Yaw": -90.04119873046875,
        "Roll": -0.7470703125,
        "Pitch": -2.4169921875
    },
    "42": {
        "Yaw": -90.04119873046875,
        "Roll": -0.7470703125,
        "Pitch": -2.5048828125
    },
    "43": {
        "Yaw": -90.0494384765625,
        "Roll": -0.7470703125,
        "Pitch": -2.4169921875
    },
    "44": {
        "Yaw": -90.054931640625,
        "Roll": -0.7470703125,
        "Pitch": -2.5048828125
    },
    "45": {
        "Yaw": -90.05767822265625,
        "Roll": -0.7470703125,
        "Pitch": -2.5048828125
    },
    "46": {
        "Yaw": -90.06317138671875,
        "Roll": -0.7470703125,
        "Pitch": -2.4169921875
    },
    "47": {
        "Yaw": -90.06591796875,
        "Roll": -0.8349609375,
        "Pitch": -2.4609375
    },
    "48": {
        "Yaw": -90.06591796875,
        "Roll": -0.9228515625,
        "Pitch": -2.4609375
    },
    "49": {
        "Yaw": -90.07965087890625,
        "Roll": -0.7470703125,
        "Pitch": -2.4609375
    },
    "50": {
        "Yaw": -90.087890625,
        "Roll": -0.703125,
        "Pitch": -2.4609375
    },
    "51": {
        "Yaw": -90.087890625,
        "Roll": -0.703125,
        "Pitch": -2.4609375
    },
    "52": {
        "Yaw": -90.09063720703125,
        "Roll": -0.7470703125,
        "Pitch": -2.4609375
    },
    "53": {
        "Yaw": -90.0933837890625,
        "Roll": -0.703125,
        "Pitch": -2.548828125
    },
    "54": {
        "Yaw": -90.09063720703125,
        "Roll": -0.703125,
        "Pitch": -2.5048828125
    },
    "55": {
        "Yaw": -90.08514404296875,
        "Roll": -0.703125,
        "Pitch": -2.548828125
    },
    "56": {
        "Yaw": -90.08514404296875,
        "Roll": -0.703125,
        "Pitch": -2.5048828125
    },
    "57": {
        "Yaw": -90.0823974609375,
        "Roll": -0.7470703125,
        "Pitch": -2.5048828125
    },
    "58": {
        "Yaw": -90.0823974609375,
        "Roll": -0.703125,
        "Pitch": -2.5048828125
    },
    "59": {
        "Yaw": -90.087890625,
        "Roll": -0.703125,
        "Pitch": -2.5048828125
    },
    "60": {
        "Yaw": -90.08514404296875,
        "Roll": -0.7470703125,
        "Pitch": -2.5048828125
    }
}